,0
0,autre
1,sci_nat
2,sci_nat
3,autre
4,autre
5,math
6,sci_hum
7,autre
8,sci_nat
9,sci_nat
10,math
11,math
12,math
13,math
14,autre
15,autre
16,math
17,sci_nat
18,autre
19,autre
20,math
21,autre
22,autre
23,sci_nat
24,math
25,sci_nat
26,sci_nat
27,autre
28,math
29,sci_nat
30,autre
31,math
32,sci_nat
33,math
34,autre
35,autre
36,sci_nat
37,phylo
38,math
39,autre
40,sci_nat
41,math
42,autre
43,math
44,math
45,math
46,sci_nat
47,autre
48,math
49,sci_nat
50,autre
51,math
52,math
53,sci_nat
54,math
55,autre
56,sci_nat
57,autre
58,autre
59,autre
60,math
61,ing_info
62,autre
63,autre
64,math
65,autre
66,math
67,sci_nat
68,math
69,sci_nat
70,autre
71,math
72,autre
73,math
74,autre
75,math
76,autre
77,autre
78,autre
79,autre
80,autre
81,math
82,autre
83,autre
84,autre
85,math
86,math
87,sci_hum
88,sci_nat
89,autre
90,sci_nat
91,math
92,sci_nat
93,math
94,math
95,autre
96,sci_nat
97,math
98,math
99,autre
100,math
101,math
102,math
103,sci_nat
104,sci_nat
105,math
106,autre
107,math
108,sci_nat
109,math
110,sci_nat
111,math
112,autre
113,sci_nat
114,autre
115,math
116,sci_nat
117,math
118,autre
119,sci_nat
120,phylo
121,autre
122,sci_nat
123,math
124,sci_nat
125,autre
126,math
127,math
128,sci_nat
129,math
130,sci_nat
131,math
132,sci_nat
133,phylo
134,autre
135,math
136,autre
137,sci_nat
138,autre
139,math
140,math
141,math
142,math
143,sci_hum
144,sci_nat
145,autre
146,sci_nat
147,math
148,autre
149,math
150,sci_nat
151,autre
152,sci_nat
153,math
154,math
155,sci_nat
156,math
157,autre
158,math
159,sci_nat
160,autre
161,autre
162,math
163,sci_nat
164,math
165,autre
166,math
167,sci_nat
168,autre
169,math
170,sci_nat
171,math
172,sci_nat
173,math
174,math
175,sci_nat
176,math
177,sci_nat
178,phylo
179,math
180,autre
181,math
182,phylo
183,math
184,sci_nat
185,math
186,autre
187,autre
188,autre
189,autre
190,math
191,math
192,math
193,autre
194,sci_nat
195,math
196,math
197,phylo
198,math
199,sci_nat
200,autre
201,math
202,math
203,math
204,math
205,math
206,sci_nat
207,sci_nat
208,sci_nat
209,sci_nat
210,math
211,sci_nat
212,math
213,autre
214,autre
215,autre
216,math
217,math
218,math
219,math
220,math
221,math
222,math
223,sci_nat
224,sci_nat
225,math
226,math
227,math
228,math
229,autre
230,ing_info
231,math
232,math
233,autre
234,autre
235,autre
236,autre
237,math
238,autre
239,math
240,sci_nat
241,math
242,sci_nat
243,math
244,autre
245,sci_nat
246,sci_nat
247,autre
248,autre
249,autre
250,math
251,sci_nat
252,autre
253,math
254,math
255,sci_nat
256,sci_nat
257,math
258,autre
259,math
260,sci_nat
261,math
262,sci_nat
263,phylo
264,math
265,sci_nat
266,autre
267,math
268,sci_nat
269,math
270,sci_nat
271,math
272,math
273,math
274,math
275,sci_nat
276,math
277,math
278,sci_nat
279,sci_nat
280,phylo
281,math
282,math
283,math
284,sci_nat
285,autre
286,sci_nat
287,autre
288,math
289,sci_nat
290,sci_nat
291,math
292,sci_nat
293,phylo
294,sci_nat
295,math
296,math
297,autre
298,autre
299,math
300,math
301,autre
302,math
303,autre
304,autre
305,math
306,math
307,autre
308,math
309,autre
310,math
311,autre
312,math
313,math
314,sci_nat
315,math
316,ing_info
317,math
318,autre
319,sci_nat
320,sci_nat
321,autre
322,math
323,sci_nat
324,sci_nat
325,math
326,math
327,autre
328,math
329,math
330,sci_nat
331,sci_nat
332,math
333,sci_nat
334,autre
335,math
336,math
337,autre
338,math
339,sci_nat
340,math
341,math
342,autre
343,sci_hum
344,sci_nat
345,sci_nat
346,autre
347,math
348,autre
349,math
350,math
351,autre
352,math
353,math
354,math
355,math
356,math
357,math
358,math
359,autre
360,autre
361,autre
362,autre
363,autre
364,autre
365,math
366,math
367,math
368,autre
369,math
370,ing_info
371,math
372,sci_nat
373,math
374,math
375,sci_hum
376,sci_nat
377,math
378,autre
379,autre
380,sci_nat
381,autre
382,autre
383,math
384,math
385,math
386,math
387,math
388,phylo
389,autre
390,autre
391,math
392,sci_nat
393,autre
394,autre
395,autre
396,autre
397,autre
398,math
399,sci_nat
400,sci_nat
401,math
402,sci_nat
403,autre
404,autre
405,math
406,sci_nat
407,math
408,sci_nat
409,sci_nat
410,sci_nat
411,sci_nat
412,math
413,math
414,ing_info
415,sci_nat
416,math
417,math
418,autre
419,autre
420,autre
421,math
422,autre
423,math
424,sci_nat
425,math
426,math
427,autre
428,math
429,sci_nat
430,sci_nat
431,sci_nat
432,math
433,sci_nat
434,math
435,sci_nat
436,math
437,math
438,math
439,math
440,sci_nat
441,math
442,sci_nat
443,math
444,autre
445,sci_nat
446,math
447,ing_info
448,sci_hum
449,math
450,sci_nat
451,sci_nat
452,ing_info
453,math
454,autre
455,autre
456,math
457,ing_info
458,math
459,autre
460,sci_nat
461,math
462,sci_nat
463,math
464,math
465,math
466,autre
467,ing_info
468,autre
469,autre
470,math
471,sci_nat
472,math
473,math
474,math
475,math
476,math
477,sci_nat
478,math
479,math
480,math
481,math
482,sci_nat
483,math
484,math
485,math
486,sci_nat
487,autre
488,math
489,math
490,math
491,sci_nat
492,math
493,sci_nat
494,math
495,autre
496,ing_info
497,math
498,math
499,math
500,sci_nat
501,math
502,autre
503,math
504,sci_nat
505,math
506,math
507,math
508,autre
509,autre
510,math
511,autre
512,autre
513,math
514,sci_nat
515,math
516,sci_nat
517,math
518,sci_hum
519,math
520,sci_nat
521,autre
522,math
523,math
524,math
525,ing_info
526,math
527,autre
528,math
529,math
530,math
531,autre
532,math
533,math
534,autre
535,sci_nat
536,autre
537,sci_nat
538,math
539,sci_nat
540,math
541,math
542,math
543,math
544,autre
545,math
546,math
547,math
548,math
549,math
550,autre
551,autre
552,math
553,math
554,math
555,math
556,sci_nat
557,sci_nat
558,math
559,sci_nat
560,sci_nat
561,math
562,math
563,autre
564,math
565,sci_nat
566,math
567,math
568,sci_nat
569,math
570,math
571,sci_nat
572,math
573,math
574,math
575,math
576,math
577,sci_nat
578,math
579,math
580,math
581,math
582,math
583,phylo
584,math
585,math
586,math
587,sci_nat
588,autre
589,autre
590,math
591,sci_nat
592,autre
593,math
594,math
595,autre
596,math
597,math
598,sci_nat
599,math
600,sci_nat
601,math
602,math
603,math
604,math
605,autre
606,math
607,ing_info
608,autre
609,math
610,math
611,sci_nat
612,math
613,math
614,math
615,math
616,sci_nat
617,math
618,sci_nat
619,math
620,sci_nat
621,math
622,autre
623,sci_nat
624,math
625,autre
626,math
627,sci_nat
628,autre
629,math
630,math
631,math
632,math
633,math
634,math
635,math
636,math
637,math
638,math
639,math
640,autre
641,math
642,sci_nat
643,math
644,math
645,autre
646,math
647,autre
648,math
649,math
650,sci_nat
651,math
652,math
653,math
654,math
655,math
656,sci_nat
657,math
658,sci_nat
659,sci_nat
660,autre
661,math
662,math
663,math
664,autre
665,math
666,math
667,ing_info
668,math
669,math
670,math
671,math
672,math
673,sci_nat
674,sci_nat
675,math
676,math
677,autre
678,math
679,math
680,sci_nat
681,sci_nat
682,autre
683,autre
684,math
685,math
686,math
687,sci_nat
688,math
689,math
690,math
691,math
692,math
693,math
694,math
695,sci_nat
696,math
697,math
698,math
699,math
700,math
701,math
702,math
703,math
704,math
705,math
706,math
707,sci_nat
708,sci_nat
709,math
710,math
711,math
712,math
713,math
714,sci_nat
715,sci_nat
716,phylo
717,math
718,math
719,sci_nat
720,math
721,math
722,sci_nat
723,sci_nat
724,math
725,math
726,math
727,autre
728,math
729,math
730,math
731,math
732,sci_nat
733,autre
734,autre
735,phylo
736,math
737,sci_nat
738,math
739,math
740,math
741,autre
742,math
743,autre
744,autre
745,sci_nat
746,math
747,math
748,math
749,math
750,math
751,math
752,math
753,autre
754,autre
755,autre
756,math
757,math
758,sci_nat
759,math
760,autre
761,math
762,math
763,math
764,math
765,math
766,autre
767,math
768,math
769,autre
770,ing_info
771,sci_nat
772,math
773,math
774,math
775,math
776,math
777,sci_nat
778,sci_nat
779,math
780,math
781,sci_nat
782,math
783,math
784,math
785,math
786,ing_info
787,math
788,autre
789,autre
790,math
791,autre
792,math
793,math
794,sci_nat
795,math
796,math
797,autre
798,math
799,sci_hum
800,math
801,math
802,autre
803,math
804,autre
805,math
806,math
807,math
808,sci_nat
809,math
810,math
811,math
812,math
813,autre
814,math
815,math
816,autre
817,math
818,math
819,autre
820,sci_nat
821,math
822,math
823,sci_nat
824,sci_nat
825,autre
826,math
827,sci_nat
828,math
829,math
830,math
831,math
832,math
833,math
834,math
835,math
836,sci_nat
837,sci_nat
838,autre
839,math
840,autre
841,math
842,math
843,math
844,math
845,math
846,sci_nat
847,math
848,math
849,math
850,math
851,math
852,math
853,math
854,autre
855,autre
856,math
857,math
858,sci_hum
859,math
860,math
861,math
862,math
863,math
864,math
865,math
866,math
867,math
868,math
869,math
870,math
871,autre
872,autre
873,sci_nat
874,autre
875,autre
876,math
877,autre
878,autre
879,autre
880,autre
881,autre
882,math
883,sci_hum
884,autre
885,autre
886,autre
887,sci_nat
888,math
889,autre
890,autre
891,math
892,math
893,math
894,math
895,autre
896,autre
897,math
898,autre
899,autre
900,math
901,math
902,math
903,math
904,math
905,math
906,math
907,math
908,math
909,math
910,math
911,math
912,math
913,sci_nat
914,math
915,math
916,autre
917,math
918,autre
919,autre
920,autre
921,math
922,sci_nat
923,phylo
924,math
925,math
926,math
927,math
928,math
929,math
930,math
931,math
932,autre
933,math
934,math
935,autre
936,autre
937,math
938,math
939,math
940,autre
941,math
942,math
943,math
944,math
945,math
946,sci_nat
947,phylo
948,math
949,sci_nat
950,phylo
951,math
952,math
953,sci_nat
954,sci_nat
955,math
956,math
957,math
958,math
959,math
960,math
961,math
962,autre
963,autre
964,math
965,math
966,ing_info
967,math
968,math
969,math
970,math
971,math
972,math
973,math
974,sci_nat
975,math
976,math
977,math
978,math
979,math
980,math
981,math
982,math
983,math
984,math
985,math
986,math
987,math
988,math
989,sci_nat
990,math
991,math
992,autre
993,autre
994,math
995,sci_hum
996,phylo
997,math
998,math
999,math
1000,math
1001,math
1002,math
1003,math
1004,autre
1005,math
1006,math
1007,math
1008,ing_info
1009,math
1010,sci_nat
1011,math
1012,math
1013,autre
1014,math
1015,math
1016,sci_nat
1017,math
1018,math
1019,math
1020,math
1021,math
1022,autre
1023,math
1024,math
1025,math
1026,math
1027,sci_nat
1028,sci_nat
1029,autre
1030,math
1031,math
1032,autre
1033,math
1034,math
1035,math
1036,sci_nat
1037,sci_nat
1038,math
1039,math
1040,math
1041,math
1042,math
1043,autre
1044,math
1045,autre
1046,autre
1047,autre
1048,math
1049,autre
1050,autre
1051,math
1052,sci_nat
1053,sci_hum
1054,sci_nat
1055,math
1056,math
1057,math
1058,math
1059,autre
1060,sci_nat
1061,math
1062,math
1063,math
1064,autre
1065,math
1066,math
1067,math
1068,autre
1069,autre
1070,math
1071,sci_nat
1072,math
1073,math
1074,math
1075,math
1076,sci_hum
1077,math
1078,math
1079,math
1080,sci_nat
1081,phylo
1082,autre
1083,math
1084,math
1085,math
1086,math
1087,math
1088,autre
1089,autre
1090,autre
1091,math
1092,math
1093,math
1094,math
1095,math
1096,math
1097,math
1098,math
1099,math
1100,math
1101,math
1102,math
1103,math
1104,math
1105,math
1106,math
1107,math
1108,math
1109,ing_info
1110,math
1111,math
1112,math
1113,math
1114,math
1115,sci_nat
1116,math
1117,math
1118,math
1119,math
1120,math
1121,autre
1122,autre
1123,math
1124,math
1125,math
1126,math
1127,math
1128,math
1129,math
1130,phylo
1131,math
1132,autre
1133,autre
1134,autre
1135,autre
1136,sci_nat
1137,math
1138,math
1139,math
1140,autre
1141,math
1142,math
1143,autre
1144,math
1145,math
1146,math
1147,math
1148,autre
1149,math
1150,autre
1151,math
1152,math
1153,autre
1154,autre
1155,sci_nat
1156,math
1157,math
1158,math
1159,math
1160,math
1161,sci_nat
1162,math
1163,math
1164,math
1165,sci_nat
1166,autre
1167,math
1168,math
1169,math
1170,math
1171,autre
1172,math
1173,autre
1174,autre
1175,autre
1176,math
1177,math
1178,sci_nat
1179,math
1180,sci_nat
1181,math
1182,math
1183,math
1184,math
1185,math
1186,math
1187,sci_nat
1188,math
1189,math
1190,math
1191,autre
1192,math
1193,math
1194,math
1195,math
1196,math
1197,math
1198,math
1199,math
1200,math
1201,math
1202,math
1203,autre
1204,math
1205,ing_info
1206,autre
1207,math
1208,math
1209,math
1210,math
1211,math
1212,autre
1213,autre
1214,sci_nat
1215,math
1216,sci_nat
1217,sci_nat
1218,math
1219,math
1220,math
1221,math
1222,math
1223,ing_info
1224,ing_info
1225,math
1226,math
1227,math
1228,sci_nat
1229,math
1230,autre
1231,autre
1232,math
1233,math
1234,autre
1235,math
1236,math
1237,math
1238,math
1239,autre
1240,math
1241,math
1242,math
1243,math
1244,math
1245,math
1246,math
1247,autre
1248,math
1249,math
1250,math
1251,autre
1252,math
1253,math
1254,math
1255,sci_nat
1256,math
1257,math
1258,math
1259,autre
1260,autre
1261,autre
1262,math
1263,math
1264,math
1265,autre
1266,math
1267,autre
1268,autre
1269,math
1270,sci_nat
1271,math
1272,math
1273,math
1274,math
1275,sci_nat
1276,math
1277,math
1278,math
1279,math
1280,math
1281,math
1282,math
1283,math
1284,math
1285,math
1286,sci_nat
1287,math
1288,math
1289,math
1290,math
1291,autre
1292,math
1293,math
1294,math
1295,math
1296,math
1297,autre
1298,math
1299,autre
1300,math
1301,autre
1302,math
1303,math
1304,math
1305,math
1306,math
1307,math
1308,autre
1309,math
1310,autre
1311,math
1312,math
1313,autre
1314,math
1315,math
1316,autre
1317,math
1318,math
1319,math
1320,math
1321,math
1322,sci_nat
1323,phylo
1324,autre
1325,math
1326,math
1327,math
1328,sci_hum
1329,math
1330,math
1331,math
1332,math
1333,math
1334,math
1335,math
1336,math
1337,autre
1338,math
1339,math
1340,autre
1341,math
1342,autre
1343,autre
1344,autre
1345,math
1346,math
1347,sci_nat
1348,math
1349,math
1350,math
1351,math
1352,math
1353,math
1354,math
1355,math
1356,math
1357,autre
1358,math
1359,math
1360,math
1361,autre
1362,autre
1363,math
1364,math
1365,math
1366,sci_nat
1367,sci_hum
1368,autre
1369,math
1370,math
1371,autre
1372,sci_nat
1373,autre
1374,math
1375,sci_nat
1376,autre
1377,math
1378,math
1379,math
1380,math
1381,math
1382,math
1383,sci_nat
1384,math
1385,autre
1386,sci_hum
1387,autre
1388,math
1389,math
1390,math
1391,math
1392,math
1393,math
1394,math
1395,autre
1396,math
1397,math
1398,sci_nat
1399,autre
1400,math
1401,math
1402,math
1403,math
1404,math
1405,math
1406,sci_nat
1407,math
1408,math
1409,math
1410,math
1411,math
1412,math
1413,math
1414,phylo
1415,math
1416,ing_info
1417,autre
1418,math
1419,math
1420,math
1421,math
1422,autre
1423,math
1424,autre
1425,math
1426,math
1427,autre
1428,math
1429,math
1430,sci_nat
1431,math
1432,math
1433,autre
1434,math
1435,sci_nat
1436,math
1437,math
1438,math
1439,math
1440,math
1441,math
1442,math
1443,math
1444,math
1445,math
1446,math
1447,math
1448,math
1449,sci_nat
1450,math
1451,math
1452,math
1453,autre
1454,math
1455,math
1456,math
1457,math
1458,sci_nat
1459,math
1460,math
1461,math
1462,math
1463,math
1464,phylo
1465,math
1466,math
1467,math
1468,math
1469,math
1470,math
1471,sci_hum
1472,math
1473,math
1474,math
1475,math
1476,autre
1477,math
1478,math
1479,math
1480,math
1481,phylo
1482,autre
1483,math
1484,math
1485,phylo
1486,math
1487,math
1488,math
1489,autre
1490,math
1491,sci_nat
1492,math
1493,math
1494,math
1495,math
1496,math
1497,math
1498,math
1499,math
1500,phylo
1501,math
1502,sci_hum
1503,math
1504,math
1505,math
1506,math
1507,math
1508,autre
1509,math
1510,math
1511,sci_nat
1512,math
1513,math
1514,math
1515,sci_nat
1516,math
1517,autre
1518,math
1519,autre
1520,math
1521,math
1522,autre
1523,math
1524,math
1525,autre
1526,autre
1527,math
1528,math
1529,math
1530,sci_nat
1531,phylo
1532,math
1533,math
1534,sci_nat
1535,sci_nat
1536,autre
1537,autre
1538,math
1539,math
1540,autre
1541,math
1542,math
1543,sci_hum
1544,autre
1545,math
1546,math
1547,math
1548,math
1549,autre
1550,math
1551,math
1552,math
1553,math
1554,math
1555,math
1556,math
1557,phylo
1558,autre
1559,autre
1560,math
1561,math
1562,math
1563,math
1564,math
1565,math
1566,autre
1567,math
1568,math
1569,math
1570,math
1571,math
1572,math
1573,math
1574,math
1575,ing_info
1576,math
1577,math
1578,math
1579,math
1580,math
1581,math
1582,math
1583,math
1584,autre
1585,autre
1586,math
1587,autre
1588,math
1589,math
1590,math
1591,math
1592,math
1593,phylo
1594,math
1595,autre
1596,autre
1597,ing_info
1598,math
1599,math
1600,math
1601,autre
1602,sci_nat
1603,autre
1604,sci_nat
1605,autre
1606,math
1607,math
1608,autre
1609,math
1610,math
1611,autre
1612,math
1613,math
1614,math
1615,math
1616,ing_info
1617,math
1618,math
1619,math
1620,math
1621,math
1622,math
1623,math
1624,math
1625,math
1626,autre
1627,autre
1628,math
1629,math
1630,math
1631,math
1632,math
1633,math
1634,math
1635,math
1636,math
1637,math
1638,phylo
1639,math
1640,math
1641,math
1642,math
1643,math
1644,math
1645,sci_nat
1646,autre
1647,math
1648,math
1649,math
1650,math
1651,math
1652,sci_hum
1653,math
1654,math
1655,math
1656,math
1657,ing_info
1658,math
1659,autre
1660,math
1661,math
1662,math
1663,math
1664,math
1665,math
1666,math
1667,sci_nat
1668,math
1669,math
1670,math
1671,math
1672,math
1673,math
1674,autre
1675,math
1676,math
1677,math
1678,math
1679,ing_info
1680,ing_info
1681,math
1682,math
1683,math
1684,autre
1685,autre
1686,sci_nat
1687,math
1688,math
1689,math
1690,sci_nat
1691,math
1692,math
1693,sci_nat
1694,autre
1695,math
1696,autre
1697,math
1698,math
1699,math
1700,math
1701,math
1702,math
1703,math
1704,math
1705,math
1706,math
1707,ing_info
1708,autre
1709,math
1710,math
1711,math
1712,math
1713,autre
1714,autre
1715,autre
1716,math
1717,math
1718,sci_nat
1719,math
1720,autre
1721,math
1722,autre
1723,sci_nat
1724,math
1725,math
1726,sci_hum
1727,autre
1728,autre
1729,math
1730,math
1731,math
1732,autre
1733,math
1734,math
1735,sci_hum
1736,math
1737,math
1738,math
1739,math
1740,math
1741,math
1742,sci_nat
1743,sci_nat
1744,sci_nat
1745,math
1746,math
1747,autre
1748,math
1749,math
1750,math
1751,math
1752,math
1753,math
1754,autre
1755,math
1756,math
1757,math
1758,autre
1759,math
1760,math
1761,math
1762,autre
1763,math
1764,math
1765,math
1766,autre
1767,math
1768,math
1769,math
1770,math
1771,sci_nat
1772,sci_hum
1773,math
1774,math
1775,sci_nat
1776,sci_nat
1777,math
1778,math
1779,math
1780,math
1781,autre
1782,autre
1783,math
1784,math
1785,math
1786,math
1787,math
1788,math
1789,math
1790,math
1791,math
1792,math
1793,autre
1794,autre
1795,math
1796,math
1797,math
1798,math
1799,math
1800,math
1801,math
1802,math
1803,math
1804,math
1805,math
1806,math
1807,math
1808,sci_nat
1809,sci_nat
1810,autre
1811,math
1812,math
1813,math
1814,autre
1815,math
1816,sci_nat
1817,math
1818,autre
1819,autre
1820,math
1821,math
1822,math
1823,autre
1824,autre
1825,autre
1826,phylo
1827,autre
1828,math
1829,math
1830,math
1831,math
1832,sci_nat
1833,math
1834,math
1835,math
1836,math
1837,autre
1838,math
1839,math
1840,autre
1841,math
1842,math
1843,math
1844,autre
1845,autre
1846,autre
1847,math
1848,autre
1849,math
1850,math
1851,ing_info
1852,math
1853,math
1854,ing_info
1855,math
1856,math
1857,autre
1858,autre
1859,math
1860,autre
1861,math
1862,autre
1863,phylo
1864,math
1865,ing_info
1866,math
1867,math
1868,math
1869,math
1870,autre
1871,math
1872,math
1873,math
1874,math
1875,math
1876,math
1877,autre
1878,autre
1879,math
1880,math
1881,math
1882,math
1883,math
1884,math
1885,ing_info
1886,ing_info
1887,math
1888,math
1889,math
1890,math
1891,math
1892,math
1893,autre
1894,math
1895,autre
1896,autre
1897,autre
1898,math
1899,math
1900,math
1901,math
1902,math
1903,math
1904,math
1905,math
1906,math
1907,sci_nat
1908,autre
1909,autre
1910,autre
1911,autre
1912,autre
1913,math
1914,autre
1915,autre
1916,math
1917,math
1918,math
1919,sci_nat
1920,math
1921,math
1922,math
1923,math
1924,math
1925,math
1926,math
1927,sci_hum
1928,phylo
1929,math
1930,autre
1931,math
1932,math
1933,math
1934,math
1935,sci_nat
1936,sci_nat
1937,math
1938,autre
1939,autre
1940,math
1941,math
1942,math
1943,math
1944,math
1945,autre
1946,autre
1947,math
1948,math
1949,math
1950,math
1951,sci_nat
1952,math
1953,math
1954,math
1955,ing_info
1956,ing_info
1957,autre
1958,math
1959,autre
1960,math
1961,math
1962,math
1963,sci_nat
1964,autre
1965,math
1966,math
1967,math
1968,math
1969,math
1970,math
1971,math
1972,math
1973,math
1974,math
1975,autre
1976,math
1977,sci_nat
1978,autre
1979,math
1980,math
1981,math
1982,math
1983,math
1984,sci_nat
1985,math
1986,autre
1987,math
1988,math
1989,math
1990,math
1991,math
1992,math
1993,math
1994,sci_nat
1995,math
1996,math
1997,math
1998,sci_nat
1999,math
2000,math
2001,math
2002,math
2003,math
2004,sci_nat
2005,math
2006,math
2007,autre
2008,math
2009,math
2010,math
2011,math
2012,math
2013,autre
2014,autre
2015,math
2016,math
2017,math
2018,sci_nat
2019,math
2020,math
2021,math
2022,sci_nat
2023,math
2024,math
2025,math
2026,math
2027,math
2028,math
2029,math
2030,autre
2031,math
2032,math
2033,math
2034,phylo
2035,math
2036,autre
2037,math
2038,math
2039,math
2040,sci_hum
2041,phylo
2042,math
2043,math
2044,math
2045,math
2046,math
2047,math
2048,math
2049,math
2050,autre
2051,math
2052,math
2053,autre
2054,autre
2055,math
2056,autre
2057,autre
2058,math
2059,math
2060,math
2061,autre
2062,autre
2063,autre
2064,math
2065,phylo
2066,math
2067,math
2068,autre
2069,phylo
2070,autre
2071,math
2072,math
2073,math
2074,math
2075,ing_info
2076,math
2077,math
2078,math
2079,math
2080,math
2081,sci_hum
2082,autre
2083,math
2084,math
2085,math
2086,sci_nat
2087,math
2088,math
2089,math
2090,math
2091,math
2092,sci_hum
2093,math
2094,math
2095,math
2096,math
2097,ing_info
2098,math
2099,math
2100,math
2101,autre
2102,math
2103,math
2104,math
2105,sci_nat
2106,math
2107,math
2108,autre
2109,math
2110,phylo
2111,sci_hum
2112,math
2113,math
2114,math
2115,math
2116,autre
2117,autre
2118,math
2119,autre
2120,math
2121,autre
2122,math
2123,math
2124,autre
2125,math
2126,math
2127,math
2128,math
2129,autre
2130,autre
2131,math
2132,autre
2133,autre
2134,sci_hum
2135,autre
2136,autre
2137,math
2138,math
2139,math
2140,math
2141,math
2142,math
2143,math
2144,math
2145,math
2146,autre
2147,math
2148,math
2149,math
2150,phylo
2151,math
2152,autre
2153,autre
2154,math
2155,autre
2156,sci_nat
2157,math
2158,math
2159,math
2160,autre
2161,math
2162,math
2163,math
2164,math
2165,math
2166,math
2167,math
2168,math
2169,math
2170,sci_nat
2171,math
2172,math
2173,math
2174,math
2175,sci_nat
2176,math
2177,math
2178,math
2179,math
2180,math
2181,autre
2182,sci_hum
2183,autre
2184,sci_nat
2185,math
2186,math
2187,autre
2188,math
2189,math
2190,sci_nat
2191,sci_nat
2192,autre
2193,ing_info
2194,math
2195,math
2196,math
2197,math
2198,math
2199,math
2200,math
2201,sci_nat
2202,sci_nat
2203,sci_nat
2204,autre
2205,math
2206,math
2207,math
2208,math
2209,sci_nat
2210,math
2211,math
2212,autre
2213,autre
2214,ing_info
2215,math
2216,math
2217,math
2218,autre
2219,math
2220,math
2221,math
2222,math
2223,math
2224,math
2225,math
2226,math
2227,autre
2228,autre
2229,math
2230,math
2231,math
2232,sci_nat
2233,autre
2234,autre
2235,math
2236,math
2237,math
2238,autre
2239,math
2240,autre
2241,math
2242,math
2243,sci_nat
2244,autre
2245,math
2246,math
2247,math
2248,math
2249,autre
2250,autre
2251,autre
2252,autre
2253,math
2254,math
2255,autre
2256,math
2257,math
2258,autre
2259,math
2260,autre
2261,math
2262,math
2263,math
2264,math
2265,autre
2266,autre
2267,ing_info
2268,math
2269,math
2270,math
2271,math
2272,math
2273,math
2274,math
2275,math
2276,autre
2277,sci_nat
2278,autre
2279,math
2280,math
2281,math
2282,math
2283,math
2284,autre
2285,math
2286,autre
2287,math
2288,autre
2289,math
2290,math
2291,math
2292,autre
2293,autre
2294,math
2295,autre
2296,autre
2297,autre
2298,math
2299,math
2300,math
2301,autre
2302,math
2303,math
2304,math
2305,autre
2306,math
2307,autre
2308,math
2309,math
2310,math
2311,math
2312,math
2313,math
2314,math
2315,math
2316,math
2317,math
2318,math
2319,math
2320,math
2321,math
2322,math
2323,autre
2324,math
2325,math
2326,math
2327,math
2328,autre
2329,autre
2330,autre
2331,autre
2332,autre
2333,math
2334,autre
2335,math
2336,math
2337,math
2338,math
2339,math
2340,math
2341,autre
2342,math
2343,math
2344,math
2345,math
2346,math
2347,math
2348,math
2349,math
2350,autre
2351,math
2352,autre
2353,autre
2354,math
2355,math
2356,math
2357,math
2358,math
2359,math
2360,math
2361,math
2362,math
2363,math
2364,math
2365,math
2366,autre
2367,math
2368,math
2369,math
2370,math
2371,autre
2372,math
2373,math
2374,math
2375,math
2376,ing_info
2377,math
2378,math
2379,math
2380,math
2381,math
2382,math
2383,sci_nat
2384,math
2385,autre
2386,math
2387,math
2388,math
2389,math
2390,math
2391,math
2392,math
2393,math
2394,autre
2395,sci_nat
2396,math
2397,math
2398,math
2399,math
2400,math
2401,math
2402,math
2403,autre
2404,math
2405,ing_info
2406,math
2407,math
2408,ing_info
2409,autre
2410,sci_nat
2411,math
2412,autre
2413,autre
2414,math
2415,math
2416,math
2417,math
2418,math
2419,autre
2420,math
2421,math
2422,math
2423,math
2424,math
2425,math
2426,math
2427,math
2428,sci_nat
2429,autre
2430,math
2431,math
2432,math
2433,math
2434,phylo
2435,math
2436,phylo
2437,autre
2438,sci_nat
2439,math
2440,autre
2441,math
2442,math
2443,autre
2444,math
2445,math
2446,math
2447,autre
2448,math
2449,math
2450,autre
2451,math
2452,math
2453,autre
2454,autre
2455,math
2456,autre
2457,autre
2458,sci_hum
2459,autre
2460,autre
2461,math
2462,math
2463,math
2464,math
2465,math
2466,math
2467,autre
2468,autre
2469,autre
2470,autre
2471,autre
2472,autre
2473,autre
2474,autre
2475,autre
2476,autre
2477,autre
2478,autre
2479,autre
2480,autre
2481,autre
2482,autre
2483,math
2484,math
2485,math
2486,math
2487,autre
2488,math
2489,autre
2490,autre
2491,autre
2492,math
2493,autre
2494,sci_nat
2495,math
2496,math
2497,math
2498,sci_hum
2499,math
2500,math
2501,math
2502,math
2503,math
2504,math
2505,math
2506,math
2507,sci_nat
2508,autre
2509,sci_nat
2510,math
2511,math
2512,autre
2513,math
2514,math
2515,sci_nat
2516,math
2517,math
2518,sci_nat
2519,math
2520,math
2521,math
2522,math
2523,autre
2524,autre
2525,autre
2526,autre
2527,autre
2528,autre
2529,math
2530,autre
2531,autre
2532,autre
2533,math
2534,autre
2535,math
2536,autre
2537,autre
2538,autre
2539,sci_nat
2540,sci_nat
2541,math
2542,math
2543,sci_nat
2544,autre
2545,math
2546,autre
2547,math
2548,math
2549,math
2550,math
2551,math
2552,math
2553,math
2554,math
2555,math
2556,math
2557,math
2558,autre
2559,autre
2560,math
2561,math
2562,math
2563,ing_info
2564,sci_nat
2565,math
2566,autre
2567,autre
2568,math
2569,math
2570,math
2571,math
2572,math
2573,math
2574,math
2575,math
2576,math
2577,math
2578,math
2579,math
2580,math
2581,autre
2582,autre
2583,math
2584,math
2585,autre
2586,ing_info
2587,math
2588,math
2589,math
2590,ing_info
2591,autre
2592,autre
2593,math
2594,math
2595,math
2596,autre
2597,phylo
2598,math
2599,math
2600,math
2601,autre
2602,math
2603,autre
2604,math
2605,sci_hum
2606,autre
2607,autre
2608,math
2609,math
2610,math
2611,math
2612,math
2613,math
2614,math
2615,math
2616,math
2617,math
2618,math
2619,math
2620,ing_info
2621,autre
2622,autre
2623,autre
2624,autre
2625,autre
2626,math
2627,math
2628,math
2629,math
2630,math
2631,math
2632,math
2633,math
2634,math
2635,autre
2636,autre
2637,sci_nat
2638,autre
2639,math
2640,math
2641,autre
2642,autre
2643,autre
2644,math
2645,autre
2646,math
2647,math
2648,autre
2649,math
2650,sci_nat
2651,autre
2652,math
2653,math
2654,math
2655,autre
2656,math
2657,autre
2658,math
2659,math
2660,math
2661,math
2662,math
2663,math
2664,sci_nat
2665,autre
2666,math
2667,math
2668,math
2669,math
2670,math
2671,math
2672,math
2673,autre
2674,autre
2675,autre
2676,math
2677,math
2678,math
2679,sci_hum
2680,math
2681,math
2682,math
2683,autre
2684,math
2685,math
2686,math
2687,math
2688,math
2689,math
2690,autre
2691,math
2692,math
2693,math
2694,math
2695,math
2696,math
2697,math
2698,autre
2699,math
2700,math
2701,math
2702,autre
2703,math
2704,math
2705,autre
2706,math
2707,autre
2708,autre
2709,ing_info
2710,math
2711,math
2712,math
2713,sci_nat
2714,math
2715,autre
2716,autre
2717,math
2718,math
2719,math
2720,math
2721,math
2722,math
2723,math
2724,math
2725,math
2726,math
2727,autre
2728,phylo
2729,sci_hum
2730,autre
2731,autre
2732,autre
2733,autre
2734,autre
2735,autre
2736,math
2737,math
2738,math
2739,autre
2740,sci_hum
2741,autre
2742,math
2743,math
2744,math
2745,math
2746,autre
2747,math
2748,math
2749,autre
2750,math
2751,sci_nat
2752,math
2753,math
2754,math
2755,math
2756,math
2757,autre
2758,autre
2759,autre
2760,math
2761,math
2762,math
2763,math
2764,sci_nat
2765,autre
2766,math
2767,ing_info
2768,math
2769,math
2770,math
2771,math
2772,autre
2773,autre
2774,autre
2775,math
2776,autre
2777,sci_nat
2778,math
2779,math
2780,math
2781,math
2782,math
2783,math
2784,autre
2785,sci_hum
2786,math
2787,math
2788,math
2789,math
2790,math
2791,autre
2792,math
2793,math
2794,autre
2795,autre
2796,math
2797,math
2798,math
2799,math
2800,math
2801,math
2802,autre
2803,sci_nat
2804,autre
2805,math
2806,math
2807,autre
2808,math
2809,sci_nat
2810,math
2811,math
2812,autre
2813,math
2814,math
2815,autre
2816,math
2817,math
2818,math
2819,math
2820,ing_info
2821,autre
2822,autre
2823,math
2824,math
2825,math
2826,math
2827,autre
2828,math
2829,math
2830,math
2831,math
2832,autre
2833,sci_nat
2834,autre
2835,math
2836,math
2837,math
2838,math
2839,math
2840,math
2841,autre
2842,sci_nat
2843,math
2844,math
2845,math
2846,math
2847,sci_hum
2848,math
2849,autre
2850,autre
2851,math
2852,math
2853,math
2854,math
2855,math
2856,math
2857,math
2858,math
2859,math
2860,sci_nat
2861,math
2862,math
2863,math
2864,math
2865,math
2866,math
2867,autre
2868,math
2869,autre
2870,ing_info
2871,autre
2872,ing_info
2873,math
2874,math
2875,math
2876,autre
2877,math
2878,math
2879,autre
2880,autre
2881,autre
2882,math
2883,autre
2884,math
2885,math
2886,math
2887,math
2888,math
2889,math
2890,math
2891,math
2892,autre
2893,autre
2894,math
2895,autre
2896,autre
2897,autre
2898,math
2899,math
2900,math
2901,math
2902,autre
2903,math
2904,math
2905,math
2906,autre
2907,math
2908,phylo
2909,math
2910,autre
2911,sci_nat
2912,math
2913,math
2914,math
2915,math
2916,autre
2917,math
2918,math
2919,math
2920,math
2921,autre
2922,math
2923,autre
2924,math
2925,autre
2926,math
2927,math
2928,sci_nat
2929,autre
2930,autre
2931,math
2932,math
2933,math
2934,autre
2935,sci_nat
2936,sci_nat
2937,math
2938,math
2939,math
2940,autre
2941,math
2942,sci_nat
2943,math
2944,math
2945,autre
2946,math
2947,autre
2948,autre
2949,autre
2950,autre
2951,math
2952,autre
2953,sci_hum
2954,autre
2955,autre
2956,autre
2957,autre
2958,math
2959,math
2960,math
2961,math
2962,math
2963,math
2964,autre
2965,ing_info
2966,autre
2967,math
2968,math
2969,ing_info
2970,math
2971,math
2972,math
2973,math
2974,autre
2975,autre
2976,math
2977,autre
2978,math
2979,math
2980,math
2981,math
2982,math
2983,math
2984,math
2985,math
2986,math
2987,math
2988,math
2989,phylo
2990,math
2991,math
2992,math
2993,math
2994,autre
2995,math
2996,math
2997,sci_nat
2998,math
2999,math
3000,autre
3001,phylo
3002,sci_hum
3003,autre
3004,autre
3005,autre
3006,autre
3007,autre
3008,math
3009,math
3010,math
3011,math
3012,math
3013,math
3014,math
3015,autre
3016,math
3017,autre
3018,math
3019,math
3020,math
3021,math
3022,math
3023,sci_nat
3024,math
3025,math
3026,sci_hum
3027,math
3028,math
3029,math
3030,math
3031,math
3032,math
3033,math
3034,math
3035,math
3036,sci_nat
3037,autre
3038,math
3039,math
3040,math
3041,autre
3042,ing_info
3043,math
3044,autre
3045,autre
3046,autre
3047,math
3048,math
3049,sci_nat
3050,math
3051,autre
3052,math
3053,math
3054,math
3055,math
3056,autre
3057,math
3058,math
3059,math
3060,math
3061,phylo
3062,math
3063,autre
3064,math
3065,math
3066,math
3067,ing_info
3068,autre
3069,sci_nat
3070,autre
3071,phylo
3072,math
3073,autre
3074,math
3075,math
3076,math
3077,autre
3078,sci_nat
3079,math
3080,math
3081,math
3082,math
3083,math
3084,math
3085,math
3086,sci_nat
3087,autre
3088,autre
3089,autre
3090,autre
3091,autre
3092,autre
3093,math
3094,math
3095,autre
3096,math
3097,autre
3098,math
3099,autre
3100,autre
3101,autre
3102,autre
3103,math
3104,math
3105,math
3106,math
3107,math
3108,autre
3109,math
3110,math
3111,math
3112,math
3113,math
3114,sci_nat
3115,math
3116,autre
3117,ing_info
3118,math
3119,math
3120,math
3121,math
3122,math
3123,autre
3124,sci_nat
3125,math
3126,math
3127,sci_hum
3128,math
3129,math
3130,autre
3131,autre
3132,math
3133,math
3134,math
3135,math
3136,autre
3137,autre
3138,math
3139,math
3140,math
3141,autre
3142,math
3143,math
3144,autre
3145,autre
3146,math
3147,sci_nat
3148,autre
3149,autre
3150,autre
3151,autre
3152,autre
3153,math
3154,autre
3155,autre
3156,autre
3157,math
3158,math
3159,math
3160,math
3161,math
3162,math
3163,autre
3164,ing_info
3165,math
3166,math
3167,sci_nat
3168,sci_nat
3169,math
3170,math
3171,math
3172,math
3173,math
3174,math
3175,math
3176,autre
3177,math
3178,math
3179,math
3180,math
3181,math
3182,math
3183,autre
3184,math
3185,math
3186,math
3187,math
3188,autre
3189,math
3190,math
3191,autre
3192,autre
3193,math
3194,math
3195,autre
3196,math
3197,math
3198,math
3199,math
3200,autre
3201,autre
3202,ing_info
3203,math
3204,math
3205,math
3206,autre
3207,autre
3208,math
3209,math
3210,autre
3211,math
3212,math
3213,autre
3214,autre
3215,math
3216,autre
3217,autre
3218,ing_info
3219,math
3220,math
3221,math
3222,math
3223,math
3224,autre
3225,math
3226,math
3227,math
3228,autre
3229,math
3230,math
3231,math
3232,math
3233,math
3234,autre
3235,math
3236,math
3237,autre
3238,autre
3239,ing_info
3240,math
3241,autre
3242,autre
3243,math
3244,autre
3245,autre
3246,math
3247,autre
3248,autre
3249,autre
3250,math
3251,math
3252,math
3253,autre
3254,ing_info
3255,autre
3256,autre
3257,math
3258,math
3259,math
3260,autre
3261,autre
3262,math
3263,math
3264,math
3265,math
3266,autre
3267,autre
3268,math
3269,autre
3270,autre
3271,autre
3272,math
3273,math
3274,math
3275,math
3276,autre
3277,math
3278,math
3279,math
3280,math
3281,autre
3282,autre
3283,math
3284,math
3285,math
3286,math
3287,math
3288,math
3289,autre
3290,math
3291,math
3292,autre
3293,autre
3294,math
3295,math
3296,autre
3297,autre
3298,math
3299,math
3300,autre
3301,ing_info
3302,math
3303,math
3304,autre
3305,math
3306,math
3307,ing_info
3308,math
3309,math
3310,math
3311,math
3312,math
3313,math
3314,autre
3315,autre
3316,autre
3317,autre
3318,ing_info
3319,math
3320,math
3321,ing_info
3322,ing_info
3323,math
3324,ing_info
3325,math
3326,math
3327,math
3328,math
3329,math
3330,math
3331,math
3332,math
3333,sci_nat
3334,math
3335,sci_nat
3336,math
3337,math
3338,autre
3339,ing_info
3340,math
3341,ing_info
3342,sci_nat
3343,math
3344,autre
3345,autre
3346,autre
3347,math
3348,math
3349,math
3350,sci_nat
3351,math
3352,math
3353,math
3354,math
3355,math
3356,math
3357,autre
3358,autre
3359,autre
3360,sci_nat
3361,autre
3362,math
3363,autre
3364,math
3365,math
3366,math
3367,math
3368,math
3369,autre
3370,autre
3371,math
3372,math
3373,autre
3374,autre
3375,autre
3376,math
3377,math
3378,math
3379,math
3380,math
3381,ing_info
3382,math
3383,autre
3384,autre
3385,sci_nat
3386,sci_nat
3387,autre
3388,sci_nat
3389,math
3390,math
3391,math
3392,autre
3393,autre
3394,math
3395,autre
3396,autre
3397,math
3398,math
3399,math
3400,autre
3401,autre
3402,math
3403,math
3404,ing_info
3405,math
3406,math
3407,math
3408,math
3409,math
3410,autre
3411,sci_nat
3412,math
3413,math
3414,math
3415,math
3416,sci_nat
3417,sci_nat
3418,autre
3419,autre
3420,autre
3421,math
3422,autre
3423,autre
3424,math
3425,math
3426,math
3427,math
3428,math
3429,math
3430,math
3431,math
3432,math
3433,math
3434,math
3435,autre
3436,autre
3437,math
3438,math
3439,math
3440,math
3441,math
3442,math
3443,sci_nat
3444,autre
3445,autre
3446,math
3447,autre
3448,math
3449,math
3450,math
3451,math
3452,math
3453,autre
3454,math
3455,math
3456,math
3457,math
3458,autre
3459,math
3460,math
3461,math
3462,math
3463,math
3464,math
3465,ing_info
3466,math
3467,math
3468,math
3469,math
3470,math
3471,math
3472,math
3473,autre
3474,autre
3475,autre
3476,autre
3477,math
3478,autre
3479,math
3480,math
3481,math
3482,math
3483,math
3484,autre
3485,autre
3486,autre
3487,math
3488,autre
3489,math
3490,autre
3491,math
3492,math
3493,autre
3494,autre
3495,sci_nat
3496,autre
3497,autre
3498,math
3499,math
3500,math
3501,autre
3502,ing_info
3503,math
3504,autre
3505,math
3506,math
3507,math
3508,math
3509,ing_info
3510,math
3511,math
3512,math
3513,autre
3514,math
3515,autre
3516,autre
3517,math
3518,math
3519,math
3520,autre
3521,math
3522,math
3523,autre
3524,math
3525,math
3526,math
3527,math
3528,math
3529,math
3530,math
3531,math
3532,math
3533,math
3534,math
3535,math
3536,autre
3537,math
3538,math
3539,math
3540,ing_info
3541,math
3542,autre
3543,math
3544,autre
3545,math
3546,math
3547,autre
3548,autre
3549,math
3550,autre
3551,autre
3552,math
3553,math
3554,autre
3555,autre
3556,autre
3557,math
3558,math
3559,math
3560,math
3561,autre
3562,autre
3563,autre
3564,math
3565,math
3566,math
3567,autre
3568,math
3569,math
3570,math
3571,math
3572,math
3573,math
3574,autre
3575,math
3576,autre
3577,ing_info
3578,math
3579,math
3580,math
3581,math
3582,math
3583,math
3584,math
3585,math
3586,math
3587,math
3588,math
3589,autre
3590,autre
3591,autre
3592,math
3593,ing_info
3594,autre
3595,math
3596,math
3597,autre
3598,math
3599,autre
3600,math
3601,math
3602,autre
3603,autre
3604,math
3605,autre
3606,ing_info
3607,autre
3608,math
3609,math
3610,math
3611,sci_nat
3612,math
3613,math
3614,sci_nat
3615,sci_nat
3616,math
3617,math
3618,math
3619,math
3620,math
3621,math
3622,ing_info
3623,math
3624,math
3625,math
3626,math
3627,math
3628,autre
3629,math
3630,autre
3631,math
3632,autre
3633,autre
3634,math
3635,math
3636,math
3637,autre
3638,math
3639,math
3640,sci_nat
3641,math
3642,math
3643,math
3644,autre
3645,autre
3646,autre
3647,autre
3648,math
3649,autre
3650,autre
3651,autre
3652,math
3653,autre
3654,math
3655,ing_info
3656,autre
3657,math
3658,math
3659,math
3660,autre
3661,autre
3662,math
3663,autre
3664,math
3665,math
3666,math
3667,math
3668,autre
3669,math
3670,math
3671,autre
3672,autre
3673,math
3674,math
3675,math
3676,math
3677,math
3678,math
3679,autre
3680,autre
3681,autre
3682,ing_info
3683,math
3684,math
3685,sci_nat
3686,math
3687,math
3688,math
3689,math
3690,math
3691,math
3692,math
3693,math
3694,math
3695,math
3696,math
3697,autre
3698,math
3699,autre
3700,math
3701,math
3702,autre
3703,math
3704,math
3705,sci_hum
3706,math
3707,autre
3708,math
3709,math
3710,ing_info
3711,math
3712,math
3713,math
3714,math
3715,autre
3716,math
3717,math
3718,autre
3719,autre
3720,autre
3721,autre
3722,autre
3723,math
3724,math
3725,math
3726,autre
3727,autre
3728,autre
3729,ing_info
3730,math
3731,math
3732,autre
3733,autre
3734,math
3735,phylo
3736,math
3737,autre
3738,autre
3739,math
3740,math
3741,math
3742,math
3743,autre
3744,math
3745,math
3746,autre
3747,autre
3748,math
3749,math
3750,math
3751,math
3752,math
3753,math
3754,math
3755,math
3756,math
3757,math
3758,math
3759,math
3760,math
3761,autre
3762,sci_nat
3763,math
3764,math
3765,math
3766,math
3767,math
3768,math
3769,math
3770,autre
3771,autre
3772,math
3773,math
3774,math
3775,autre
3776,math
3777,math
3778,sci_nat
3779,math
3780,math
3781,math
3782,math
3783,math
3784,autre
3785,math
3786,math
3787,math
3788,ing_info
3789,math
3790,math
3791,math
3792,autre
3793,autre
3794,sci_nat
3795,math
3796,math
3797,autre
3798,math
3799,autre
3800,autre
3801,math
3802,math
3803,ing_info
3804,math
3805,math
3806,autre
3807,autre
3808,math
3809,math
3810,math
3811,autre
3812,math
3813,math
3814,math
3815,math
3816,math
3817,autre
3818,autre
3819,math
3820,math
3821,math
3822,autre
3823,sci_nat
3824,math
3825,autre
3826,autre
3827,math
3828,math
3829,math
3830,autre
3831,math
3832,autre
3833,math
3834,math
3835,math
3836,math
3837,autre
3838,autre
3839,math
3840,autre
3841,math
3842,math
3843,math
3844,math
